time,type,intersection,direction,vehicle
0.00,GreenSouth,1,W,null
0.00,RedEastTurnRight,1,null,null
0.00,GreenSouth,3,W,null
0.00,GreenSouth,3,N,null
0.00,RedEastTurnRight,3,null,null
0.00,RedWestTurnLeft,3,null,null
0.00,RedWestTurnLeft,1,null,null
0.00,GreenSouth,5,W,null
0.00,RedEastTurnRight,5,null,null
0.00,RedWestTurnLeft,5,null,null
0.00,GreenSouth,2,W,null
0.00,GreenSouth,2,N,null
0.00,RedEastTurnRight,2,null,null
0.00,RedWestTurnLeft,2,null,null
1.93,Arrival,5,W,264
3.95,Arrival,5,W,265
4.05,Arrival,5,E,337
6.19,Arrival,5,W,266
6.86,Arrival,5,W,267
10.01,Arrival,1,E,171
10.60,RedSouth,1,W,null
11.20,Arrival,5,W,268
12.40,RedSouth,5,W,null
12.80,GreenSouth,1,N,null
16.00,GreenSouth,5,N,null
18.12,Arrival,1,S,0
18.12,Departure,1,S,0
19.34,Arrival,1,S,1
19.34,Departure,1,S,1
20.37,Arrival,3,W,233
25.09,Arrival,1,S,2
25.09,Departure,1,S,2
27.23,Arrival,1,S,3
27.23,Departure,1,S,3
29.11,Arrival,2,W,207
32.39,Arrival,1,S,4
32.39,Departure,1,S,4
33.94,Arrival,1,W,117
44.23,Arrival,2,S,0
44.23,Departure,2,S,0
44.45,Arrival,5,W,269
44.70,RedSouth,2,W,null
44.70,RedSouth,2,N,null
44.92,Arrival,1,W,118
45.45,Arrival,2,S,1
46.69,Arrival,1,E,172
48.44,Arrival,5,W,270
51.10,RedSouth,1,N,null
51.20,Arrival,2,S,2
53.35,Arrival,2,S,3
53.80,RedSouth,5,N,null
54.99,Arrival,1,E,173
55.00,GreenWestTurnLeft,1,null,null
55.00,Departure,1,W,117
55.30,Departure,1,W,118
58.50,Arrival,2,S,4
60.00,GreenWestTurnLeft,5,null,null
60.00,Departure,5,W,264
60.30,Departure,5,W,265
60.60,Departure,5,W,266
60.90,Departure,5,W,267
60.97,Arrival,1,W,119
60.97,Departure,1,W,119
61.20,Departure,5,W,268
61.50,Departure,5,W,269
61.60,Arrival,3,W,234
61.80,Departure,5,W,270
63.88,Arrival,1,W,120
63.88,Departure,1,W,120
64.10,RedSouth,3,W,null
64.10,RedSouth,3,N,null
64.56,Arrival,3,E,246
64.80,RedWestTurnLeft,1,null,null
66.14,Exit,5,N,264
66.44,Exit,5,N,265
66.74,Exit,5,N,266
67.04,Exit,5,N,267
67.34,Exit,5,N,268
67.64,Exit,5,N,269
67.80,GreenEastTurnRight,1,null,null
67.80,Departure,1,E,171
67.94,Exit,5,N,270
68.10,Departure,1,E,172
68.40,Departure,1,E,173
69.10,Arrival,1,W,121
69.20,GreenEastTurnRight,3,null,null
69.20,GreenWestTurnLeft,3,null,null
69.20,Departure,3,E,246
69.20,Departure,3,W,233
69.50,Departure,3,W,234
70.90,Arrival,1,W,122
72.75,Arrival,5,W,271
72.75,Departure,5,W,271
73.40,RedWestTurnLeft,5,null,null
74.00,GreenEastTurnRight,5,null,null
74.00,Departure,5,E,337
75.35,Arrival,5,W,272
75.37,Arrival,1,S,5
75.95,Arrival,1,E,174
75.95,Departure,1,E,174
76.20,GreenEastTurnRight,2,null,null
76.20,GreenWestTurnLeft,2,null,null
76.20,Departure,2,W,207
77.80,Arrival,5,W,273
78.89,Exit,5,N,271
79.36,Arrival,1,E,175
79.36,Departure,1,E,175
80.14,Exit,5,N,337
80.23,Arrival,5,W,274
80.31,Arrival,3,S,0
81.12,Arrival,2,S,117
81.42,Arrival,2,S,118
86.19,Arrival,5,W,275
86.25,Arrival,5,W,276
87.09,Arrival,2,S,119
89.99,Arrival,2,S,120
93.92,Arrival,2,S,171
94.22,Arrival,2,S,172
94.52,Arrival,2,S,173
98.13,Arrival,2,W,208
98.13,Departure,2,W,208
98.13,Arrival,1,E,176
98.13,Departure,1,E,176
99.05,Arrival,2,E,221
99.05,Departure,2,E,221
99.80,GreenSouth,3,N,null
99.80,RedEastTurnRight,3,null,null
99.80,RedWestTurnLeft,3,null,null
99.80,GreenSouth,3,W,null
99.80,Departure,3,S,0
99.90,GreenSouth,5,W,null
99.90,RedEastTurnRight,5,null,null
99.90,RedWestTurnLeft,5,null,null
100.10,GreenSouth,2,W,null
100.10,GreenSouth,2,N,null
100.10,RedEastTurnRight,2,null,null
100.10,RedWestTurnLeft,2,null,null
100.10,Departure,2,S,1
100.10,Exit,2,E,171
100.40,GreenSouth,1,W,null
100.40,RedEastTurnRight,1,null,null
100.40,RedWestTurnLeft,1,null,null
100.40,Departure,2,S,2
100.70,Departure,2,S,3
101.00,Departure,2,S,4
101.07,Arrival,1,W,123
101.30,Departure,2,S,117
101.60,Departure,2,S,118
101.90,Departure,2,S,119
102.07,Arrival,2,S,174
102.20,Departure,2,S,120
102.50,Departure,2,S,172
102.80,Departure,2,S,173
103.10,Departure,2,S,174
103.57,Arrival,1,W,124
105.48,Arrival,2,S,175
105.48,Exit,2,W,175
105.65,Arrival,1,E,177
106.86,Arrival,1,W,125
110.38,Arrival,1,W,126
111.00,RedSouth,1,W,null
111.10,Arrival,5,W,277
112.27,Arrival,3,S,207
112.27,Departure,3,S,207
112.30,RedSouth,5,W,null
113.20,GreenSouth,1,N,null
113.20,Departure,1,S,5
113.41,Arrival,1,W,127
115.90,GreenSouth,5,N,null
124.24,Arrival,2,S,176
124.24,Departure,2,S,176
124.83,Arrival,5,S,233
124.83,Arrival,5,S,246
124.83,Departure,5,S,233
125.13,Arrival,5,S,234
125.61,Arrival,1,E,178
130.97,Exit,5,N,233
134.20,Arrival,3,S,208
134.20,Departure,3,S,208
134.99,Arrival,3,E,247
135.12,Arrival,3,S,221
135.12,Departure,3,S,221
136.10,Arrival,5,W,278
136.17,Arrival,3,S,1
136.17,Departure,3,S,1
136.47,Arrival,3,S,2
136.47,Departure,3,S,2
136.77,Arrival,3,S,3
136.77,Departure,3,S,3
137.07,Arrival,3,S,4
137.07,Departure,3,S,4
137.33,Arrival,3,E,248
137.37,Arrival,3,S,117
137.37,Departure,3,S,117
137.67,Arrival,3,S,118
137.67,Departure,3,S,118
137.97,Arrival,3,S,119
137.97,Departure,3,S,119
138.27,Arrival,3,S,120
138.27,Departure,3,S,120
138.57,Arrival,3,S,172
138.57,Departure,3,S,172
138.87,Arrival,3,S,173
138.87,Departure,3,S,173
139.17,Arrival,3,S,174
139.17,Departure,3,S,174
139.32,Arrival,2,S,5
139.32,Departure,2,S,5
144.33,Arrival,1,W,128
144.80,RedSouth,2,W,null
144.80,RedSouth,2,N,null
146.02,Arrival,1,S,6
146.02,Departure,1,S,6
146.03,Arrival,5,E,338
146.20,Arrival,1,S,7
146.92,Arrival,2,E,222
147.39,Arrival,1,W,129
149.95,Arrival,1,S,8
151.50,RedSouth,1,N,null
152.75,Arrival,1,S,9
153.05,Arrival,1,S,10
153.70,RedSouth,5,N,null
153.97,Arrival,1,S,11
155.40,GreenWestTurnLeft,1,null,null
155.40,Departure,1,W,121
155.43,Arrival,5,S,0
155.70,Departure,1,W,122
156.00,Departure,1,W,123
156.30,Departure,1,W,124
156.40,Arrival,1,S,12
156.60,Departure,1,W,125
156.90,Departure,1,W,126
157.20,Departure,1,W,127
157.50,Departure,1,W,128
157.80,Departure,1,W,129
158.46,Arrival,1,S,13
159.90,GreenWestTurnLeft,5,null,null
159.90,Departure,5,W,272
160.20,Departure,5,W,273
160.32,Arrival,3,S,176
160.32,Departure,3,S,176
160.50,Departure,5,W,274
160.70,Arrival,1,E,179
160.80,Departure,5,W,275
161.10,Departure,5,W,276
161.40,Departure,5,W,277
161.70,Departure,5,W,278
161.83,Arrival,1,S,14
163.73,Arrival,1,S,15
163.90,RedSouth,3,W,null
163.90,RedSouth,3,N,null
164.43,Arrival,1,E,180
165.20,RedWestTurnLeft,1,null,null
166.04,Exit,5,N,272
166.34,Exit,5,N,273
166.64,Exit,5,N,274
166.94,Exit,5,N,275
167.11,Arrival,1,S,16
167.24,Exit,5,N,276
167.54,Exit,5,N,277
167.84,Exit,5,N,278
167.91,Arrival,5,S,207
168.20,GreenEastTurnRight,1,null,null
168.20,Departure,1,E,177
168.50,Departure,1,E,178
168.80,Departure,1,E,179
169.00,GreenWestTurnLeft,3,null,null
169.00,GreenEastTurnRight,3,null,null
169.00,Departure,3,E,247
169.10,Departure,1,E,180
169.30,Departure,3,E,248
170.37,Arrival,1,S,17
172.14,Arrival,2,S,6
173.15,Arrival,1,S,18
173.20,Arrival,1,S,19
173.30,RedWestTurnLeft,5,null,null
173.90,GreenEastTurnRight,5,null,null
173.90,Departure,5,E,338
174.86,Arrival,1,S,20
175.39,Arrival,3,S,5
176.30,GreenEastTurnRight,2,null,null
176.30,GreenWestTurnLeft,2,null,null
176.30,Departure,2,E,222
177.44,Arrival,1,W,130
178.74,Arrival,1,S,21
180.04,Exit,5,N,338
181.52,Arrival,2,S,121
181.82,Arrival,2,S,122
182.12,Arrival,2,S,123
182.42,Arrival,2,S,124
182.44,Arrival,3,W,235
182.44,Departure,3,W,235
182.72,Arrival,2,S,125
183.02,Arrival,2,S,126
183.32,Arrival,2,S,127
183.62,Arrival,2,S,128
183.92,Arrival,2,S,129
185.77,Arrival,1,S,22
186.82,Arrival,5,E,339
186.82,Departure,5,E,339
188.23,Arrival,1,S,23
188.85,Arrival,5,W,279
189.62,Arrival,1,S,24
189.62,Arrival,5,W,280
189.83,Arrival,5,S,208
190.76,Arrival,5,S,221
191.01,Arrival,5,W,281
191.81,Arrival,5,S,1
192.11,Arrival,5,S,2
192.41,Arrival,5,S,3
192.71,Arrival,5,S,4
192.95,Exit,5,N,339
193.01,Arrival,5,S,117
193.31,Arrival,5,S,118
193.55,Arrival,1,S,25
193.61,Arrival,5,S,119
193.91,Arrival,5,S,120
194.21,Arrival,5,S,172
194.32,Arrival,2,S,177
194.51,Arrival,5,S,173
194.62,Arrival,2,S,178
194.81,Arrival,5,S,174
194.92,Arrival,2,S,179
195.22,Arrival,2,S,180
196.22,Arrival,1,S,26
196.43,Arrival,1,W,131
199.60,GreenSouth,3,W,null
199.60,GreenSouth,3,N,null
199.60,RedEastTurnRight,3,null,null
199.60,RedWestTurnLeft,3,null,null
199.60,Departure,3,S,5
199.80,GreenSouth,5,W,null
199.80,RedEastTurnRight,5,null,null
199.80,RedWestTurnLeft,5,null,null
199.80,Exit,5,W,246
200.10,Exit,5,W,234
200.20,RedEastTurnRight,2,null,null
200.20,RedWestTurnLeft,2,null,null
200.20,GreenSouth,2,W,null
200.20,GreenSouth,2,N,null
200.20,Departure,2,S,6
200.40,Exit,5,W,207
200.50,Departure,2,S,121
200.70,Exit,5,W,208
200.80,GreenSouth,1,W,null
200.80,RedEastTurnRight,1,null,null
200.80,RedWestTurnLeft,1,null,null
200.80,Exit,1,W,7
200.80,Departure,2,S,122
201.00,Exit,5,W,221
201.10,Exit,1,W,8
201.10,Departure,2,S,123
201.30,Exit,5,W,119
201.40,Exit,1,W,9
201.40,Departure,2,S,124
201.60,Exit,5,W,172
201.70,Exit,1,W,12
201.70,Departure,2,S,125
201.90,Exit,5,W,173
202.00,Exit,1,W,14
202.00,Departure,2,S,126
202.20,Exit,5,W,174
202.30,Exit,1,W,23
202.30,Departure,2,S,127
202.60,Departure,2,S,128
202.90,Departure,2,S,129
203.20,Departure,2,S,177
203.50,Departure,2,S,178
203.80,Departure,2,S,179
204.10,Departure,2,S,180
206.87,Arrival,5,W,282
211.40,RedSouth,1,W,null
212.20,RedSouth,5,W,null
212.37,Arrival,3,S,222
212.37,Departure,3,S,222
213.60,GreenSouth,1,N,null
213.60,Departure,1,S,10
213.60,Exit,1,E,26
213.90,Departure,1,S,11
214.20,Departure,1,S,13
214.50,Departure,1,S,15
214.80,Departure,1,S,16
215.10,Departure,1,S,17
215.40,Departure,1,S,18
215.70,Departure,1,S,19
215.80,GreenSouth,5,N,null
215.80,Departure,5,S,0
215.95,Arrival,5,S,176
216.00,Departure,1,S,20
216.10,Departure,5,S,1
216.30,Departure,1,S,21
216.40,Departure,5,S,2
216.60,Departure,1,S,22
216.70,Departure,5,S,3
216.90,Departure,1,S,24
217.00,Departure,5,S,4
217.20,Departure,1,S,25
217.30,Departure,5,S,117
217.60,Departure,5,S,118
217.90,Departure,5,S,120
219.77,Arrival,3,E,249
221.94,Exit,5,N,0
222.24,Exit,5,N,1
222.54,Exit,5,N,2
222.84,Exit,5,N,3
223.14,Exit,5,N,4
223.44,Exit,5,N,117
223.72,Arrival,3,E,250
223.74,Exit,5,N,118
224.04,Exit,5,N,120
224.63,Arrival,5,S,247
224.93,Arrival,5,S,248
224.93,Departure,5,S,248
227.24,Arrival,3,E,251
228.84,Arrival,2,E,223
231.07,Exit,5,N,248
235.10,Arrival,1,W,132
236.27,Arrival,3,S,6
236.27,Departure,3,S,6
236.57,Arrival,3,S,121
236.57,Departure,3,S,121
236.87,Arrival,3,S,122
236.87,Departure,3,S,122
237.17,Arrival,3,S,123
237.17,Exit,3,W,123
237.47,Arrival,3,S,124
237.47,Departure,3,S,124
237.77,Arrival,3,S,125
237.77,Departure,3,S,125
238.07,Arrival,5,S,235
238.07,Arrival,3,S,126
238.07,Departure,3,S,126
238.37,Arrival,3,S,127
238.37,Departure,3,S,127
238.67,Arrival,3,S,128
238.67,Departure,3,S,128
238.97,Arrival,3,S,129
238.97,Departure,3,S,129
239.27,Arrival,3,S,177
239.27,Departure,3,S,177
239.57,Arrival,3,S,178
239.57,Departure,3,S,178
239.72,Arrival,2,S,10
239.72,Departure,2,S,10
239.87,Arrival,3,S,179
239.87,Departure,3,S,179
240.02,Arrival,2,S,11
240.02,Departure,2,S,11
240.17,Arrival,3,S,180
240.17,Departure,3,S,180
240.32,Arrival,2,S,13
240.32,Departure,2,S,13
240.62,Arrival,2,S,15
240.62,Departure,2,S,15
240.92,Arrival,2,S,16
240.92,Departure,2,S,16
241.22,Arrival,2,S,17
241.22,Exit,2,W,17
241.52,Arrival,2,S,18
241.52,Departure,2,S,18
241.82,Arrival,2,S,19
241.82,Departure,2,S,19
242.12,Arrival,2,S,20
242.12,Departure,2,S,20
242.42,Arrival,2,S,21
242.42,Departure,2,S,21
242.72,Arrival,2,S,22
242.72,Departure,2,S,22
243.02,Arrival,2,S,24
243.02,Departure,2,S,24
243.32,Arrival,2,S,25
243.32,Departure,2,S,25
244.90,RedSouth,2,W,null
244.90,RedSouth,2,N,null
249.87,Arrival,5,W,283
251.90,RedSouth,1,N,null
253.60,RedSouth,5,N,null
255.23,Arrival,5,S,5
255.80,GreenWestTurnLeft,1,null,null
255.80,Departure,1,W,130
256.10,Departure,1,W,131
256.40,Departure,1,W,132
259.80,GreenWestTurnLeft,5,null,null
259.80,Departure,5,W,279
260.10,Departure,5,W,280
260.40,Departure,5,W,281
260.70,Departure,5,W,282
261.00,Departure,5,W,283
263.70,RedSouth,3,N,null
263.70,RedSouth,3,W,null
265.60,RedWestTurnLeft,1,null,null
265.94,Exit,5,N,279
266.24,Exit,5,N,280
266.54,Exit,5,N,281
266.84,Exit,5,N,282
267.14,Exit,5,N,283
268.01,Arrival,5,S,222
268.60,GreenEastTurnRight,1,null,null
268.66,Arrival,2,W,209
268.80,GreenEastTurnRight,3,null,null
268.80,GreenWestTurnLeft,3,null,null
268.80,Departure,3,E,249
269.10,Departure,3,E,250
269.40,Departure,3,E,251
271.07,Arrival,1,S,27
272.46,Arrival,1,S,28
272.69,Arrival,1,S,29
273.20,RedWestTurnLeft,5,null,null
273.80,GreenEastTurnRight,5,null,null
273.80,Arrival,1,W,133
275.72,Arrival,1,S,30
275.79,Arrival,3,S,10
275.91,Arrival,1,E,181
275.91,Departure,1,E,181
276.09,Arrival,3,S,11
276.39,Arrival,3,S,13
276.40,GreenEastTurnRight,2,null,null
276.40,GreenWestTurnLeft,2,null,null
276.40,Departure,2,E,223
276.40,Departure,2,W,209
276.69,Arrival,3,S,15
276.82,Arrival,1,S,31
276.99,Arrival,3,S,16
277.38,Arrival,1,S,32
277.59,Arrival,3,S,18
277.89,Arrival,3,S,19
278.19,Arrival,3,S,20
278.49,Arrival,3,S,21
278.79,Arrival,3,S,22
279.09,Arrival,3,S,24
279.39,Arrival,3,S,25
279.72,Arrival,1,S,33
281.92,Arrival,2,S,130
282.22,Arrival,2,S,131
282.52,Arrival,2,S,132
284.59,Arrival,1,W,134
286.32,Arrival,1,S,34
286.87,Arrival,3,W,236
286.87,Departure,3,W,236
289.80,Arrival,1,S,35
290.15,Arrival,1,S,36
291.27,Arrival,3,W,237
291.27,Departure,3,W,237
291.75,Arrival,5,E,340
291.75,Departure,5,E,340
291.91,Arrival,5,S,6
292.21,Arrival,5,S,121
292.51,Arrival,5,S,122
293.11,Arrival,5,S,124
293.41,Arrival,5,S,125
293.71,Arrival,5,S,126
294.01,Arrival,5,S,127
294.31,Arrival,5,S,128
294.61,Arrival,5,S,129
294.91,Arrival,5,S,177
295.21,Arrival,5,S,178
295.51,Arrival,5,S,179
295.81,Arrival,5,S,180
297.89,Exit,5,N,340
299.40,GreenSouth,3,W,null
299.40,GreenSouth,3,N,null
299.40,RedWestTurnLeft,3,null,null
299.40,RedEastTurnRight,3,null,null
299.40,Exit,3,W,20
299.40,Departure,3,S,10
299.70,Departure,3,S,11
299.70,RedEastTurnRight,5,null,null
299.70,RedWestTurnLeft,5,null,null
299.70,GreenSouth,5,W,null
299.70,Exit,5,W,176
300.00,Departure,3,S,13
300.00,Exit,5,W,247
300.30,RedWestTurnLeft,2,null,null
300.30,RedEastTurnRight,2,null,null
300.30,GreenSouth,2,N,null
300.30,GreenSouth,2,W,null
300.30,Departure,2,S,130
300.30,Departure,3,S,15
300.30,Exit,5,W,235
300.60,Departure,2,S,131
300.60,Departure,3,S,16
300.60,Exit,5,W,5
300.90,Departure,2,S,132
300.90,Departure,3,S,18
300.90,Exit,5,W,222
301.20,RedWestTurnLeft,1,null,null
301.20,GreenSouth,1,W,null
301.20,RedEastTurnRight,1,null,null
301.20,Exit,1,W,34
301.20,Departure,3,S,19
301.20,Exit,5,W,122
301.50,Departure,3,S,21
301.50,Exit,5,W,124
301.80,Departure,3,S,22
301.80,Exit,5,W,177
302.02,Arrival,2,S,181
302.02,Departure,2,S,181
302.10,Departure,3,S,24
302.40,Departure,3,S,25
302.99,Arrival,1,W,135
306.78,Arrival,5,W,284
310.11,Arrival,5,W,285
310.86,Arrival,1,E,182
311.55,Arrival,2,W,210
311.80,RedSouth,1,W,null
312.10,RedSouth,5,W,null
312.47,Arrival,3,S,223
312.47,Arrival,3,S,209
312.47,Departure,3,S,223
312.47,Exit,3,W,209
314.00,GreenSouth,1,N,null
314.00,Departure,1,S,27
314.00,Exit,1,E,32
314.30,Departure,1,S,28
314.39,Arrival,1,E,183
314.60,Departure,1,S,29
314.90,Departure,1,S,30
315.20,Departure,1,S,31
315.50,Departure,1,S,33
315.70,GreenSouth,5,N,null
315.70,Departure,5,S,121
315.70,Exit,5,E,6
315.80,Departure,1,S,35
316.00,Departure,5,S,125
316.00,Exit,5,E,126
316.10,Departure,1,S,36
316.30,Departure,5,S,127
316.57,Arrival,1,E,184
316.60,Departure,5,S,128
316.90,Departure,5,S,129
317.20,Departure,5,S,178
317.50,Departure,5,S,179
317.80,Departure,5,S,180
319.85,Arrival,2,E,224
319.95,Arrival,1,E,185
320.78,Arrival,1,W,136
321.84,Exit,5,N,121
322.14,Exit,5,N,125
322.44,Exit,5,N,127
322.74,Exit,5,N,128
323.04,Exit,5,N,129
323.19,Arrival,3,E,252
323.34,Exit,5,N,178
323.64,Exit,5,N,179
323.94,Exit,5,N,180
324.43,Arrival,5,S,249
324.43,Departure,5,S,249
324.73,Arrival,5,S,250
325.03,Arrival,5,S,251
325.03,Departure,5,S,251
326.00,Arrival,1,E,186
330.57,Exit,5,N,249
330.95,Arrival,5,W,286
331.17,Exit,5,N,251
334.94,Arrival,5,W,287
336.37,Arrival,3,S,130
336.37,Departure,3,S,130
336.67,Arrival,3,S,131
336.67,Departure,3,S,131
336.97,Arrival,3,S,132
336.97,Departure,3,S,132
338.10,Arrival,3,S,181
338.10,Departure,3,S,181
340.12,Arrival,2,S,27
340.12,Departure,2,S,27
340.21,Arrival,5,W,288
340.42,Arrival,2,S,28
340.42,Departure,2,S,28
340.72,Arrival,2,S,29
340.72,Departure,2,S,29
341.02,Arrival,2,S,30
341.02,Departure,2,S,30
341.32,Arrival,2,S,31
341.32,Departure,2,S,31
341.62,Arrival,2,S,33
341.62,Departure,2,S,33
341.92,Arrival,2,S,35
341.92,Departure,2,S,35
342.22,Arrival,2,S,36
342.22,Departure,2,S,36
342.22,Arrival,5,W,289
342.50,Arrival,5,S,236
342.50,Departure,5,S,236
344.85,Arrival,5,W,290
345.00,RedSouth,2,N,null
345.00,RedSouth,2,W,null
346.90,Arrival,5,S,237
347.17,Arrival,1,E,187
348.64,Exit,5,N,236
350.11,Arrival,5,W,291
351.56,Arrival,1,W,137
352.30,RedSouth,1,N,null
352.51,Arrival,5,W,292
353.50,RedSouth,5,N,null
353.64,Arrival,1,W,138
354.49,Arrival,5,W,293
355.03,Arrival,5,S,10
355.33,Arrival,5,S,11
355.63,Arrival,5,S,13
355.93,Arrival,5,S,15
356.20,GreenWestTurnLeft,1,null,null
356.20,Departure,1,W,133
356.23,Arrival,5,S,16
356.50,Departure,1,W,134
356.53,Arrival,5,S,18
356.80,Departure,1,W,135
356.83,Arrival,5,S,19
357.10,Departure,1,W,136
357.13,Arrival,5,S,21
357.40,Departure,1,W,137
357.43,Arrival,5,S,22
357.70,Departure,1,W,138
357.73,Arrival,5,S,24
358.03,Arrival,5,S,25
359.70,GreenWestTurnLeft,5,null,null
359.70,Departure,5,W,284
360.00,Departure,5,W,285
360.30,Departure,5,W,286
360.60,Departure,5,W,287
360.90,Departure,5,W,288
361.20,Departure,5,W,289
361.50,Departure,5,W,290
361.80,Departure,5,W,291
362.10,Departure,5,W,292
362.40,Departure,5,W,293
363.50,RedSouth,3,W,null
363.50,RedSouth,3,N,null
365.84,Exit,5,N,284
366.00,RedWestTurnLeft,1,null,null
366.14,Exit,5,N,285
366.44,Exit,5,N,286
366.74,Exit,5,N,287
367.04,Exit,5,N,288
367.34,Exit,5,N,289
367.64,Exit,5,N,290
367.94,Exit,5,N,291
368.11,Arrival,5,S,223
368.24,Exit,5,N,292
368.54,Exit,5,N,293
368.60,GreenWestTurnLeft,3,null,null
368.60,GreenEastTurnRight,3,null,null
368.60,Departure,3,E,252
369.00,GreenEastTurnRight,1,null,null
369.00,Departure,1,E,182
369.30,Departure,1,E,183
369.60,Departure,1,E,184
369.90,Departure,1,E,185
370.20,Departure,1,E,186
370.50,Departure,1,E,187
371.34,Arrival,5,W,294
371.34,Departure,5,W,294
371.39,Arrival,1,W,139
373.10,RedWestTurnLeft,5,null,null
373.70,GreenEastTurnRight,5,null,null
373.71,Arrival,1,W,140
376.19,Arrival,3,S,27
376.49,Arrival,3,S,28
376.50,GreenEastTurnRight,2,null,null
376.50,GreenWestTurnLeft,2,null,null
376.50,Departure,2,E,224
376.50,Departure,2,W,210
376.79,Arrival,3,S,29
377.09,Arrival,3,S,30
377.09,Arrival,5,W,295
377.39,Arrival,3,S,31
377.47,Exit,5,N,294
377.69,Arrival,3,S,33
377.99,Arrival,3,S,35
378.29,Arrival,3,S,36
382.19,Arrival,2,W,211
382.19,Departure,2,W,211
382.32,Arrival,2,S,133
382.62,Arrival,2,S,134
382.92,Arrival,2,S,135
383.22,Arrival,2,S,136
383.52,Arrival,2,S,137
383.82,Arrival,2,S,138
387.38,Arrival,2,E,225
387.38,Departure,2,E,225
388.85,Arrival,5,E,341
388.85,Departure,5,E,341
389.00,Arrival,1,S,37
389.24,Arrival,1,E,188
389.24,Departure,1,E,188
390.04,Arrival,5,W,296
392.01,Arrival,5,S,130
392.31,Arrival,5,S,131
392.61,Arrival,5,S,132
393.41,Arrival,1,W,141
393.73,Arrival,5,S,181
394.32,Arrival,3,E,253
394.32,Departure,3,E,253
394.99,Exit,5,N,341
395.12,Arrival,2,S,182
395.42,Arrival,2,S,183
395.72,Arrival,2,S,184
396.02,Arrival,2,S,185
396.19,Arrival,1,W,142
396.32,Arrival,2,S,186
396.51,Arrival,1,S,38
396.62,Arrival,2,S,187
397.49,Arrival,1,S,39
399.20,RedWestTurnLeft,3,null,null
399.20,GreenSouth,3,W,null
399.20,RedEastTurnRight,3,null,null
399.20,GreenSouth,3,N,null
399.20,Departure,3,S,27
399.20,Exit,3,E,29
399.41,Arrival,1,S,40
399.43,Arrival,1,E,189
399.43,Departure,1,E,189
399.50,Departure,3,S,28
399.60,RedWestTurnLeft,5,null,null
399.60,GreenSouth,5,W,null
399.60,RedEastTurnRight,5,null,null
399.60,Exit,5,W,250
399.60,Arrival,1,W,143
399.80,Departure,3,S,30
399.90,Exit,5,W,237
400.10,Departure,3,S,31
400.20,Exit,5,W,15
400.40,GreenSouth,2,N,null
400.40,RedWestTurnLeft,2,null,null
400.40,RedEastTurnRight,2,null,null
400.40,GreenSouth,2,W,null
400.40,Departure,2,S,134
400.40,Exit,2,W,133
400.40,Departure,3,S,33
400.50,Exit,5,W,16
400.70,Departure,2,S,136
400.70,Exit,2,W,135
400.70,Departure,3,S,35
400.80,Exit,5,W,21
401.00,Departure,2,S,137
401.00,Departure,3,S,36
401.10,Exit,5,W,22
401.30,Departure,2,S,138
401.40,Exit,5,W,223
401.60,GreenSouth,1,W,null
401.60,RedWestTurnLeft,1,null,null
401.60,Exit,1,W,38
401.60,RedEastTurnRight,1,null,null
401.60,Departure,2,S,182
401.70,Exit,5,W,132
401.90,Departure,2,S,183
402.00,Exit,5,W,181
402.20,Departure,2,S,184
402.50,Departure,2,S,185
402.80,Departure,2,S,186
402.84,Arrival,1,S,41
403.10,Departure,2,S,187
403.79,Arrival,1,S,42
404.24,Arrival,5,W,297
404.55,Arrival,5,W,298
404.87,Arrival,1,E,190
404.91,Arrival,1,S,43
404.91,Exit,1,W,43
405.18,Arrival,5,W,299
410.69,Arrival,2,W,212
411.12,Arrival,1,S,44
411.12,Exit,1,W,44
412.00,RedSouth,5,W,null
412.20,RedSouth,1,W,null
412.57,Arrival,3,S,224
412.57,Arrival,3,S,210
412.57,Departure,3,S,224
412.87,Departure,3,S,210
414.40,GreenSouth,1,N,null
414.40,Departure,1,S,39
414.40,Exit,1,E,37
414.70,Departure,1,S,40
414.96,Arrival,1,S,45
415.00,Departure,1,S,41
415.17,Arrival,2,E,226
415.30,Departure,1,S,42
415.36,Arrival,2,S,188
415.36,Departure,2,S,188
415.60,GreenSouth,5,N,null
415.60,Departure,5,S,10
415.60,Exit,5,E,18
415.90,Departure,5,S,11
415.90,Exit,5,E,24
416.20,Departure,5,S,13
416.50,Departure,5,S,19
416.80,Departure,5,S,25
417.10,Departure,5,S,130
417.40,Departure,5,S,131
417.90,Arrival,1,S,46
417.90,Departure,1,S,46
418.26,Arrival,3,S,211
418.26,Departure,3,S,211
418.40,Arrival,5,W,300
420.79,Arrival,5,W,301
421.63,Arrival,1,S,47
421.63,Departure,1,S,47
421.74,Exit,5,N,10
422.04,Exit,5,N,11
422.34,Exit,5,N,13
422.64,Exit,5,N,19
422.94,Exit,5,N,25
423.24,Exit,5,N,130
423.45,Arrival,3,S,225
423.45,Departure,3,S,225
423.54,Exit,5,N,131
424.14,Arrival,5,W,302
424.23,Arrival,5,S,252
425.55,Arrival,2,S,189
425.55,Departure,2,S,189
426.16,Arrival,3,W,238
429.09,Arrival,1,S,48
429.09,Departure,1,S,48
433.58,Arrival,5,E,342
434.42,Arrival,1,S,49
434.42,Departure,1,S,49
436.47,Arrival,3,S,134
436.47,Departure,3,S,134
436.77,Arrival,3,S,136
436.77,Exit,3,W,136
436.98,Arrival,1,S,50
436.98,Departure,1,S,50
437.07,Arrival,3,S,137
437.07,Departure,3,S,137
437.31,Arrival,1,S,51
437.31,Departure,1,S,51
437.37,Arrival,3,S,138
437.37,Departure,3,S,138
437.67,Arrival,3,S,182
437.67,Departure,3,S,182
437.97,Arrival,3,S,183
437.97,Departure,3,S,183
438.27,Arrival,3,S,184
438.27,Departure,3,S,184
438.57,Arrival,3,S,185
438.57,Departure,3,S,185
438.86,Arrival,1,W,144
438.87,Arrival,3,S,186
438.87,Exit,3,W,186
439.17,Arrival,3,S,187
439.17,Exit,3,W,187
439.74,Arrival,1,E,191
440.27,Arrival,1,W,145
440.52,Arrival,2,S,39
440.52,Departure,2,S,39
440.82,Arrival,2,S,40
440.82,Departure,2,S,40
440.98,Arrival,1,W,146
441.12,Arrival,2,S,41
441.12,Departure,2,S,41
441.42,Arrival,2,S,42
441.42,Departure,2,S,42
442.89,Arrival,1,S,52
442.89,Departure,1,S,52
442.94,Arrival,1,S,53
442.94,Departure,1,S,53
444.02,Arrival,2,S,46
444.02,Exit,2,W,46
444.88,Arrival,1,W,147
445.10,RedSouth,2,N,null
445.10,RedSouth,2,W,null
445.66,Arrival,1,S,54
445.66,Departure,1,S,54
446.08,Arrival,1,S,55
446.08,Departure,1,S,55
446.81,Arrival,1,S,56
446.81,Departure,1,S,56
446.93,Arrival,1,W,148
447.27,Arrival,1,S,57
447.27,Departure,1,S,57
447.75,Arrival,2,S,47
447.94,Arrival,1,S,58
447.94,Departure,1,S,58
448.12,Arrival,1,S,59
448.12,Departure,1,S,59
449.96,Arrival,5,S,253
449.96,Departure,5,S,253
450.63,Arrival,1,S,60
450.63,Departure,1,S,60
451.43,Arrival,3,S,188
451.43,Departure,3,S,188
452.70,RedSouth,1,N,null
452.90,Arrival,1,S,61
453.40,RedSouth,5,N,null
454.83,Arrival,5,S,27
455.13,Arrival,5,S,28
455.21,Arrival,2,S,48
455.43,Arrival,5,S,30
455.73,Arrival,5,S,31
456.03,Arrival,5,S,33
456.09,Exit,5,N,253
456.29,Arrival,1,E,192
456.33,Arrival,5,S,35
456.43,Arrival,1,S,62
456.60,GreenWestTurnLeft,1,null,null
456.60,Departure,1,W,139
456.63,Arrival,5,S,36
456.90,Departure,1,W,140
457.20,Departure,1,W,141
457.50,Departure,1,W,142
457.80,Departure,1,W,143
458.10,Departure,1,W,144
458.40,Departure,1,W,145
458.70,Departure,1,W,146
459.00,Departure,1,W,147
459.30,Departure,1,W,148
459.60,GreenWestTurnLeft,5,null,null
459.60,Departure,5,W,295
459.90,Departure,5,W,296
459.94,Arrival,1,S,63
460.20,Departure,5,W,297
460.50,Departure,5,W,298
460.53,Arrival,2,S,49
460.80,Departure,5,W,299
461.10,Departure,5,W,300
461.25,Arrival,5,W,303
461.40,Departure,5,W,301
461.62,Arrival,3,S,189
461.62,Departure,3,S,189
461.70,Departure,5,W,302
462.00,Departure,5,W,303
463.10,Arrival,2,S,50
463.30,RedSouth,3,N,null
463.30,RedSouth,3,W,null
463.42,Arrival,2,S,51
464.12,Arrival,5,W,304
464.12,Departure,5,W,304
465.74,Exit,5,N,295
466.04,Exit,5,N,296
466.26,Arrival,1,S,64
466.34,Exit,5,N,297
466.40,RedWestTurnLeft,1,null,null
466.64,Exit,5,N,298
466.94,Exit,5,N,299
467.17,Arrival,1,E,193
467.24,Exit,5,N,300
467.53,Arrival,1,S,65
467.54,Exit,5,N,301
467.84,Exit,5,N,302
468.14,Exit,5,N,303
468.21,Arrival,5,S,224
468.32,Arrival,1,S,66
468.40,GreenWestTurnLeft,3,null,null
468.40,GreenEastTurnRight,3,null,null
468.40,Departure,3,W,238
468.51,Arrival,5,S,210
469.01,Arrival,2,S,52
469.05,Arrival,2,S,53
469.40,GreenEastTurnRight,1,null,null
469.40,Departure,1,E,190
469.70,Departure,1,E,191
470.00,Departure,1,E,192
470.25,Exit,5,N,304
470.30,Departure,1,E,193
471.78,Arrival,2,S,54
472.19,Arrival,2,S,55
472.55,Arrival,1,E,194
472.55,Departure,1,E,194
472.93,Arrival,2,S,56
473.00,RedWestTurnLeft,5,null,null
473.38,Arrival,2,S,57
473.60,GreenEastTurnRight,5,null,null
473.60,Departure,5,E,342
473.90,Arrival,5,S,211
474.06,Arrival,2,S,58
474.24,Arrival,2,S,59
474.70,Arrival,1,W,149
476.59,Arrival,3,S,39
476.60,GreenWestTurnLeft,2,null,null
476.60,GreenEastTurnRight,2,null,null
476.60,Departure,2,W,212
476.60,Departure,2,E,226
476.75,Arrival,2,S,60
476.89,Arrival,3,S,40
477.19,Arrival,3,S,41
477.41,Arrival,1,W,150
477.49,Arrival,3,S,42
478.68,Arrival,3,W,239
478.68,Departure,3,W,239
479.09,Arrival,5,S,225
479.74,Exit,5,N,342
482.72,Arrival,2,S,139
483.02,Arrival,2,S,140
483.32,Arrival,2,S,141
483.62,Arrival,2,S,142
483.92,Arrival,2,S,143
483.95,Arrival,1,W,151
484.22,Arrival,2,S,144
484.52,Arrival,2,S,145
484.75,Arrival,1,W,152
484.82,Arrival,2,S,146
485.08,Arrival,2,W,213
485.08,Departure,2,W,213
485.12,Arrival,2,S,147
485.42,Arrival,2,S,148
488.45,Arrival,5,W,305
488.83,Arrival,3,W,240
488.83,Departure,3,W,240
490.87,Arrival,5,W,306
491.35,Arrival,5,W,307
492.11,Arrival,5,S,134
492.71,Arrival,5,S,137
493.01,Arrival,5,S,138
493.31,Arrival,5,S,182
493.56,Arrival,5,E,343
493.56,Departure,5,E,343
493.61,Arrival,5,S,183
493.91,Arrival,5,S,184
494.21,Arrival,5,S,185
494.42,Arrival,5,W,308
495.52,Arrival,2,S,190
495.82,Arrival,2,S,191
496.12,Arrival,2,S,192
496.42,Arrival,2,S,193
498.51,Arrival,5,W,309
498.66,Arrival,2,S,194
499.00,GreenSouth,3,W,null
499.00,GreenSouth,3,N,null
499.00,RedEastTurnRight,3,null,null
499.00,RedWestTurnLeft,3,null,null
499.00,Departure,3,S,39
499.00,Exit,3,E,41
499.30,Departure,3,S,40
499.50,RedWestTurnLeft,5,null,null
499.50,GreenSouth,5,W,null
499.50,RedEastTurnRight,5,null,null
499.50,Exit,5,W,252
499.60,Departure,3,S,42
499.70,Exit,5,N,343
499.80,Exit,5,W,224
500.10,Exit,5,W,225
500.15,Arrival,3,E,254
500.40,Exit,5,W,134
500.50,GreenSouth,2,W,null
500.50,GreenSouth,2,N,null
500.50,RedEastTurnRight,2,null,null
500.50,RedWestTurnLeft,2,null,null
500.50,Exit,2,W,57
500.50,Departure,2,S,47
500.70,Exit,5,W,184
500.80,Exit,2,W,142
500.80,Departure,2,S,48
501.10,Departure,2,S,49
501.40,Departure,2,S,50
501.70,Departure,2,S,51
502.00,RedWestTurnLeft,1,null,null
502.00,RedEastTurnRight,1,null,null
502.00,GreenSouth,1,W,null
502.00,Exit,1,W,45
502.00,Departure,2,S,52
502.30,Departure,2,S,53
502.60,Departure,2,S,54
502.90,Departure,2,S,55
503.20,Departure,2,S,56
503.50,Departure,2,S,58
503.80,Departure,2,S,59
504.10,Departure,2,S,60
504.25,Arrival,2,E,227
504.40,Departure,2,S,139
504.70,Departure,2,S,140
505.00,Departure,2,S,141
505.20,Arrival,1,W,153
505.30,Departure,2,S,143
505.60,Departure,2,S,144
505.90,Departure,2,S,145
506.20,Departure,2,S,146
506.50,Departure,2,S,147
506.80,Departure,2,S,148
507.06,Arrival,5,S,188
507.10,Departure,2,S,190
507.40,Arrival,1,W,154
507.40,Departure,2,S,191
507.70,Departure,2,S,192
508.00,Departure,2,S,193
508.30,Departure,2,S,194
511.90,RedSouth,5,W,null
512.60,RedSouth,1,W,null
512.67,Arrival,3,S,212
512.67,Arrival,3,S,226
512.67,Departure,3,S,212
512.97,Departure,3,S,226
514.80,GreenSouth,1,N,null
514.80,Departure,1,S,61
514.80,Exit,1,E,65
515.10,Departure,1,S,62
515.40,Departure,1,S,63
515.50,GreenSouth,5,N,null
515.50,Departure,5,S,27
515.50,Exit,5,E,35
515.70,Departure,1,S,64
515.80,Departure,5,S,28
516.00,Departure,1,S,66
516.10,Departure,5,S,30
516.40,Departure,5,S,31
516.70,Departure,5,S,33
517.00,Departure,5,S,36
517.26,Arrival,5,S,189
517.30,Departure,5,S,210
517.60,Departure,5,S,211
517.90,Departure,5,S,137
518.20,Departure,5,S,138
518.50,Departure,5,S,182
518.80,Departure,5,S,183
519.10,Departure,5,S,185
519.40,Departure,5,S,188
521.16,Arrival,3,S,213
521.16,Departure,3,S,213
521.64,Exit,5,N,27
521.94,Exit,5,N,28
522.24,Exit,5,N,30
522.54,Exit,5,N,31
522.84,Exit,5,N,33
523.14,Exit,5,N,36
523.44,Exit,5,N,210
523.74,Exit,5,N,211
524.03,Arrival,5,S,238
524.03,Departure,5,S,238
524.04,Exit,5,N,137
524.25,Arrival,5,W,310
524.34,Exit,5,N,138
524.64,Exit,5,N,182
524.94,Exit,5,N,183
525.24,Exit,5,N,185
525.54,Exit,5,N,188
528.66,Arrival,1,S,67
528.66,Departure,1,S,67
530.17,Exit,5,N,238
534.31,Arrival,5,S,239
534.78,Arrival,1,S,68
534.78,Departure,1,S,68
536.57,Arrival,3,S,47
536.57,Departure,3,S,47
536.60,Arrival,1,S,69
536.60,Departure,1,S,69
536.87,Arrival,3,S,48
536.87,Departure,3,S,48
537.17,Arrival,3,S,49
537.17,Departure,3,S,49
537.47,Arrival,3,S,50
537.47,Departure,3,S,50
537.77,Arrival,3,S,51
537.77,Departure,3,S,51
538.07,Arrival,3,S,52
538.07,Departure,3,S,52
538.37,Arrival,3,S,53
538.37,Departure,3,S,53
538.67,Arrival,3,S,54
538.67,Exit,3,W,54
538.76,Arrival,1,S,70
538.92,Arrival,5,W,311
538.97,Arrival,3,S,55
538.97,Departure,3,S,55
539.27,Arrival,3,S,56
539.27,Departure,3,S,56
539.57,Arrival,3,S,58
539.57,Departure,3,S,58
539.87,Arrival,3,S,59
539.87,Departure,3,S,59
540.17,Arrival,3,S,60
540.17,Departure,3,S,60
540.47,Arrival,3,S,139
540.47,Exit,3,E,139
540.77,Arrival,3,S,140
540.77,Departure,3,S,140
540.92,Arrival,2,S,61
540.92,Departure,2,S,61
541.07,Arrival,3,S,141
541.07,Departure,3,S,141
541.22,Arrival,2,S,62
541.22,Departure,2,S,62
541.37,Arrival,3,S,143
541.37,Departure,3,S,143
541.52,Arrival,2,S,63
541.52,Departure,2,S,63
541.67,Arrival,3,S,144
541.67,Exit,3,W,144
541.82,Arrival,2,S,64
541.82,Exit,2,E,64
541.97,Arrival,3,S,145
541.97,Departure,3,S,145
542.12,Arrival,2,S,66
542.12,Departure,2,S,66
542.27,Arrival,3,S,146
542.27,Departure,3,S,146
542.57,Arrival,3,S,147
542.57,Departure,3,S,147
542.87,Arrival,3,S,148
542.87,Departure,3,S,148
543.17,Arrival,3,S,190
543.17,Departure,3,S,190
543.47,Arrival,3,S,191
543.47,Departure,3,S,191
543.77,Arrival,3,S,192
543.77,Departure,3,S,192
544.03,Arrival,1,S,71
544.03,Departure,1,S,71
544.07,Arrival,3,S,193
544.07,Departure,3,S,193
544.37,Arrival,3,S,194
544.37,Departure,3,S,194
544.46,Arrival,5,S,240
544.46,Departure,5,S,240
545.20,RedSouth,2,W,null
545.20,RedSouth,2,N,null
548.06,Arrival,2,E,228
548.43,Arrival,1,W,155
549.17,Arrival,1,S,72
549.17,Departure,1,S,72
550.50,Arrival,1,S,73
550.60,Exit,5,N,240
551.35,Arrival,2,W,214
553.10,RedSouth,1,N,null
553.30,RedSouth,5,N,null
554.63,Arrival,5,S,39
554.77,Arrival,2,S,67
554.93,Arrival,5,S,40
555.23,Arrival,5,S,42
557.00,GreenWestTurnLeft,1,null,null
557.00,Departure,1,W,149
557.30,Departure,1,W,150
557.60,Departure,1,W,151
557.90,Departure,1,W,152
558.20,Departure,1,W,153
558.50,Departure,1,W,154
558.80,Departure,1,W,155
559.50,GreenWestTurnLeft,5,null,null
559.50,Departure,5,W,305
559.80,Departure,5,W,306
560.10,Departure,5,W,307
560.40,Departure,5,W,308
560.46,Arrival,5,W,312
560.70,Departure,5,W,309
560.89,Arrival,2,S,68
561.00,Departure,5,W,310
561.30,Departure,5,W,311
561.60,Departure,5,W,312
562.48,Arrival,5,W,313
562.48,Departure,5,W,313
562.72,Arrival,2,S,69
563.10,RedSouth,3,W,null
563.10,RedSouth,3,N,null
563.46,Arrival,3,E,255
564.86,Arrival,2,W,215
565.64,Exit,5,N,305
565.84,Arrival,5,W,314
565.84,Departure,5,W,314
565.94,Exit,5,N,306
566.24,Exit,5,N,307
566.54,Exit,5,N,308
566.80,RedWestTurnLeft,1,null,null
566.84,Exit,5,N,309
567.14,Exit,5,N,310
567.44,Exit,5,N,311
567.74,Exit,5,N,312
568.20,GreenWestTurnLeft,3,null,null
568.20,GreenEastTurnRight,3,null,null
568.20,Departure,3,E,254
568.31,Arrival,5,S,212
568.50,Departure,3,E,255
568.61,Arrival,5,S,226
568.62,Exit,5,N,313
569.80,GreenEastTurnRight,1,null,null
570.15,Arrival,2,S,71
571.98,Exit,5,N,314
572.90,RedWestTurnLeft,5,null,null
573.50,GreenEastTurnRight,5,null,null
575.29,Arrival,2,S,72
576.70,GreenEastTurnRight,2,null,null
576.70,GreenWestTurnLeft,2,null,null
576.70,Departure,2,E,227
576.70,Departure,2,W,214
576.79,Arrival,5,S,213
576.99,Arrival,3,S,61
577.00,Arrival,5,E,344
577.00,Departure,5,E,344
577.00,Departure,2,E,228
577.00,Departure,2,W,215
577.29,Arrival,3,S,62
577.59,Arrival,3,S,63
578.19,Arrival,3,S,66
583.12,Arrival,2,S,149
583.13,Exit,5,N,344
583.42,Arrival,2,S,150
583.72,Arrival,2,S,151
584.02,Arrival,2,S,152
584.32,Arrival,2,S,153
584.62,Arrival,2,S,154
584.92,Arrival,2,S,155
588.72,Arrival,1,E,195
588.72,Departure,1,E,195
592.21,Arrival,5,S,47
592.44,Arrival,1,W,156
592.51,Arrival,5,S,48
592.81,Arrival,5,S,49
593.11,Arrival,5,S,50
593.41,Arrival,5,S,51
593.71,Arrival,5,S,52
594.01,Arrival,5,S,53
594.61,Arrival,5,S,55
594.91,Arrival,5,S,56
595.21,Arrival,5,S,58
595.51,Arrival,5,S,59
595.81,Arrival,5,S,60
596.31,Arrival,1,W,157
596.41,Arrival,5,S,140
596.71,Arrival,5,S,141
597.01,Arrival,5,S,143
597.61,Arrival,5,S,145
597.91,Arrival,5,S,146
598.21,Arrival,5,S,147
598.51,Arrival,5,S,148
598.74,Arrival,5,W,315
598.80,GreenSouth,3,W,null
598.80,GreenSouth,3,N,null
598.80,RedEastTurnRight,3,null,null
598.80,RedWestTurnLeft,3,null,null
598.80,Departure,3,S,61
598.81,Arrival,5,S,190
599.10,Departure,3,S,62
599.11,Arrival,5,S,191
599.40,Departure,3,S,63
599.40,GreenSouth,5,W,null
599.40,RedWestTurnLeft,5,null,null
599.40,RedEastTurnRight,5,null,null
599.40,Exit,5,W,189
599.41,Arrival,5,S,192
599.70,Departure,3,S,66
599.70,Exit,5,W,239
599.71,Arrival,5,S,193
600.00,Exit,5,W,39
600.01,Arrival,5,S,194
600.17,Arrival,1,W,158
600.30,Exit,5,W,42
600.60,Exit,5,W,47
600.60,GreenSouth,2,N,null
600.60,RedWestTurnLeft,2,null,null
600.60,RedEastTurnRight,2,null,null
600.60,GreenSouth,2,W,null
600.60,Departure,2,S,67
600.90,Exit,5,W,48
600.90,Departure,2,S,68
601.20,Exit,5,W,56
601.20,Departure,2,S,69
601.32,Arrival,1,W,159
601.50,Exit,5,W,60
601.50,Departure,2,S,71
601.80,Exit,5,W,146
601.80,Departure,2,S,72
601.84,Arrival,5,W,316
602.10,Exit,5,W,147
602.10,Departure,2,S,149
602.40,Exit,5,W,191
602.40,Departure,2,S,150
602.40,RedWestTurnLeft,1,null,null
602.40,RedEastTurnRight,1,null,null
602.40,GreenSouth,1,W,null
602.40,Exit,1,W,70
602.70,Exit,5,W,193
602.70,Departure,2,S,151
602.70,Exit,1,W,73
603.00,Exit,5,W,194
603.00,Departure,2,S,152
603.30,Departure,2,S,153
603.41,Arrival,5,W,317
603.60,Departure,2,S,154
603.90,Departure,2,S,155
608.81,Arrival,5,W,318
610.57,Arrival,1,E,196
611.80,RedSouth,5,W,null
612.77,Arrival,3,S,214
612.77,Arrival,3,S,227
612.77,Departure,3,S,214
613.00,RedSouth,1,W,null
613.07,Arrival,3,S,215
613.07,Arrival,3,S,228
613.07,Departure,3,S,227
613.37,Departure,3,S,215
613.67,Departure,3,S,228
614.06,Arrival,5,W,319
614.43,Arrival,2,W,216
614.83,Arrival,2,S,195
614.83,Departure,2,S,195
615.20,GreenSouth,1,N,null
615.40,GreenSouth,5,N,null
615.40,Departure,5,S,40
615.40,Exit,5,E,212
615.70,Departure,5,S,226
615.70,Exit,5,E,55
615.77,Arrival,3,W,241
616.00,Departure,5,S,213
616.00,Exit,5,E,59
616.30,Departure,5,S,49
616.30,Exit,5,E,143
616.60,Departure,5,S,50
616.62,Arrival,5,W,320
616.90,Departure,5,S,51
616.90,Arrival,3,W,242
617.20,Departure,5,S,52
617.50,Departure,5,S,53
617.80,Departure,5,S,58
618.10,Departure,5,S,140
618.40,Departure,5,S,141
618.70,Departure,5,S,145
619.00,Departure,5,S,148
619.27,Arrival,1,S,74
619.27,Departure,1,S,74
619.30,Departure,5,S,190
619.60,Departure,5,S,192
621.54,Exit,5,N,40
621.84,Exit,5,N,226
622.14,Exit,5,N,213
622.44,Exit,5,N,49
622.74,Exit,5,N,50
623.04,Exit,5,N,51
623.18,Arrival,1,S,75
623.18,Departure,1,S,75
623.34,Exit,5,N,52
623.64,Exit,5,N,53
623.83,Arrival,5,S,254
623.83,Exit,5,E,254
623.94,Exit,5,N,58
624.00,Arrival,1,S,76
624.00,Departure,1,S,76
624.13,Arrival,5,S,255
624.13,Departure,5,S,255
624.24,Exit,5,N,140
624.54,Exit,5,N,141
624.84,Exit,5,N,145
625.14,Exit,5,N,148
625.37,Arrival,1,S,77
625.44,Exit,5,N,190
625.74,Exit,5,N,192
630.27,Exit,5,N,255
630.30,Arrival,3,E,256
631.34,Arrival,1,S,78
632.56,Arrival,1,S,79
632.81,Arrival,5,E,345
633.17,Arrival,1,S,80
634.10,Arrival,3,W,243
634.14,Arrival,1,S,81
635.08,Arrival,1,S,82
635.08,Departure,1,S,82
635.26,Arrival,1,S,83
635.26,Departure,1,S,83
636.67,Arrival,3,S,67
636.67,Departure,3,S,67
636.97,Arrival,3,S,68
636.97,Departure,3,S,68
637.27,Arrival,3,S,69
637.27,Departure,3,S,69
637.57,Arrival,3,S,71
637.57,Departure,3,S,71
637.87,Arrival,3,S,72
637.87,Departure,3,S,72
638.17,Arrival,3,S,149
638.17,Departure,3,S,149
638.47,Arrival,3,S,150
638.47,Departure,3,S,150
638.77,Arrival,3,S,151
638.77,Departure,3,S,151
638.98,Arrival,1,S,84
638.98,Departure,1,S,84
639.07,Arrival,3,S,152
639.07,Exit,3,W,152
639.37,Arrival,3,S,153
639.37,Departure,3,S,153
639.67,Arrival,3,S,154
639.67,Departure,3,S,154
639.97,Arrival,1,E,197
639.97,Arrival,3,S,155
639.97,Departure,3,S,155
640.37,Arrival,1,W,160
640.57,Arrival,2,E,229
643.36,Arrival,1,W,161
643.47,Arrival,5,E,346
645.28,Arrival,5,W,321
645.30,RedSouth,2,W,null
645.30,RedSouth,2,N,null
645.39,Arrival,2,S,74
647.99,Arrival,5,W,322
649.29,Arrival,2,S,75
650.12,Arrival,2,S,76
650.58,Arrival,1,S,85
650.58,Departure,1,S,85
650.64,Arrival,1,S,86
650.64,Departure,1,S,86
650.91,Arrival,3,S,195
650.91,Departure,3,S,195
652.55,Arrival,1,S,87
652.55,Departure,1,S,87
653.20,RedSouth,5,N,null
653.50,Arrival,5,E,347
653.50,RedSouth,1,N,null
654.43,Arrival,5,S,61
654.73,Arrival,5,S,62
655.03,Arrival,5,S,63
655.33,Arrival,5,S,66
657.17,Arrival,1,S,88
657.40,GreenWestTurnLeft,1,null,null
657.40,Departure,1,W,156
657.70,Departure,1,W,157
658.00,Departure,1,W,158
658.30,Departure,1,W,159
658.60,Departure,1,W,160
658.90,Departure,1,W,161
659.27,Arrival,5,E,348
659.40,GreenWestTurnLeft,5,null,null
659.40,Departure,5,W,315
659.54,Arrival,1,S,89
659.70,Departure,5,W,316
659.99,Arrival,1,S,90
660.00,Departure,5,W,317
660.30,Departure,5,W,318
660.60,Departure,5,W,319
660.90,Departure,5,W,320
661.19,Arrival,2,S,82
661.20,Departure,5,W,321
661.38,Arrival,2,S,83
661.50,Departure,5,W,322
662.90,RedSouth,3,W,null
662.90,RedSouth,3,N,null
663.63,Arrival,5,E,349
665.09,Arrival,2,S,84
665.54,Exit,5,N,315
665.84,Exit,5,N,316
666.14,Exit,5,N,317
666.44,Exit,5,N,318
666.74,Exit,5,N,319
667.04,Exit,5,N,320
667.20,RedWestTurnLeft,1,null,null
667.34,Exit,5,N,321
667.64,Exit,5,N,322
668.00,GreenEastTurnRight,3,null,null
668.00,GreenWestTurnLeft,3,null,null
668.00,Departure,3,E,256
668.00,Departure,3,W,241
668.30,Departure,3,W,242
668.41,Arrival,5,S,214
668.60,Departure,3,W,243
668.71,Arrival,5,S,227
669.01,Arrival,5,S,215
669.31,Arrival,5,S,228
670.20,GreenEastTurnRight,1,null,null
670.20,Departure,1,E,196
670.29,Arrival,2,W,217
670.50,Departure,1,E,197
670.70,Arrival,1,S,91
671.09,Arrival,1,S,92
672.80,RedWestTurnLeft,5,null,null
673.08,Arrival,1,S,93
673.40,GreenEastTurnRight,5,null,null
673.40,Departure,5,E,345
673.64,Arrival,5,E,350
673.70,Departure,5,E,346
674.00,Departure,5,E,347
674.30,Departure,5,E,348
674.60,Departure,5,E,349
674.90,Departure,5,E,350
675.38,Arrival,1,E,198
675.38,Departure,1,E,198
676.70,Arrival,2,S,85
676.75,Arrival,2,S,86
676.80,GreenWestTurnLeft,2,null,null
676.80,GreenEastTurnRight,2,null,null
676.80,Departure,2,W,216
676.80,Departure,2,E,229
677.10,Departure,2,W,217
678.66,Arrival,2,S,87
679.54,Exit,5,N,345
679.84,Exit,5,N,346
680.14,Exit,5,N,347
680.44,Exit,5,N,348
680.74,Exit,5,N,349
681.04,Exit,5,N,350
681.20,Arrival,1,E,199
681.20,Departure,1,E,199
683.52,Arrival,2,S,156
683.65,Arrival,5,E,351
683.65,Departure,5,E,351
683.82,Arrival,2,S,157
684.12,Arrival,2,S,158
684.42,Arrival,2,S,159
684.72,Arrival,2,S,160
685.02,Arrival,2,S,161
689.79,Exit,5,N,351
690.33,Arrival,1,W,162
691.98,Arrival,3,E,257
691.98,Departure,3,E,257
692.31,Arrival,5,S,67
692.61,Arrival,5,S,68
692.91,Arrival,5,S,69
693.21,Arrival,5,S,71
693.51,Arrival,5,S,72
693.81,Arrival,5,S,149
694.11,Arrival,5,S,150
694.41,Arrival,5,S,151
695.01,Arrival,5,S,153
695.31,Arrival,5,S,154
695.61,Arrival,5,S,155
696.32,Arrival,2,S,196
696.62,Arrival,2,S,197
698.60,GreenSouth,3,W,null
698.60,GreenSouth,3,N,null
698.60,RedEastTurnRight,3,null,null
698.60,RedWestTurnLeft,3,null,null
699.30,RedWestTurnLeft,5,null,null
699.30,RedEastTurnRight,5,null,null
699.30,GreenSouth,5,W,null
699.30,Exit,5,W,63
699.60,Exit,5,W,66
699.90,Exit,5,W,214
700.20,Exit,5,W,227
700.50,Exit,5,W,228
700.70,GreenSouth,2,N,null
700.70,GreenSouth,2,W,null
700.70,RedEastTurnRight,2,null,null
700.70,RedWestTurnLeft,2,null,null
700.70,Departure,2,S,74
700.70,Exit,2,W,87
700.80,Exit,5,W,67
701.00,Departure,2,S,75
701.10,Exit,5,W,68
701.30,Departure,2,S,76
701.40,Exit,5,W,72
701.49,Arrival,2,S,198
701.60,Departure,2,S,82
701.70,Exit,5,W,149
701.90,Departure,2,S,83
702.00,Exit,5,W,151
702.20,Departure,2,S,84
702.50,Departure,2,S,85
702.80,Departure,2,S,86
702.80,RedEastTurnRight,1,null,null
702.80,RedWestTurnLeft,1,null,null
702.80,GreenSouth,1,W,null
702.80,Exit,1,W,77
703.10,Departure,2,S,156
703.10,Exit,1,W,78
703.40,Departure,2,S,157
703.40,Exit,1,W,79
703.70,Departure,2,S,158
703.70,Exit,1,W,80
704.00,Departure,2,S,159
704.00,Exit,1,W,81
704.30,Departure,2,S,160
704.30,Exit,1,W,88
704.60,Departure,2,S,161
704.60,Exit,1,W,89
704.90,Departure,2,S,196
705.20,Departure,2,S,197
705.50,Departure,2,S,198
706.54,Arrival,5,S,195
707.31,Arrival,2,S,199
707.31,Departure,2,S,199
708.67,Arrival,1,W,163
709.30,Arrival,1,E,200
711.70,RedSouth,5,W,null
712.43,Arrival,1,E,201
712.87,Arrival,3,S,229
712.87,Arrival,3,S,216
712.87,Departure,3,S,229
713.17,Arrival,3,S,217
713.17,Departure,3,S,216
713.40,RedSouth,1,W,null
713.47,Departure,3,S,217
715.30,GreenSouth,5,N,null
715.30,Departure,5,S,61
715.60,GreenSouth,1,N,null
715.60,Departure,5,S,62
715.60,Departure,1,S,91
715.60,Exit,1,E,90
715.90,Departure,5,S,215
715.90,Departure,1,S,92
716.20,Departure,5,S,69
716.20,Departure,1,S,93
716.50,Departure,5,S,71
716.80,Departure,5,S,150
717.10,Departure,5,S,153
717.40,Departure,5,S,154
717.70,Departure,5,S,155
718.00,Departure,5,S,195
721.01,Arrival,5,W,323
721.44,Exit,5,N,61
721.74,Exit,5,N,62
722.04,Exit,5,N,215
722.34,Exit,5,N,69
722.64,Exit,5,N,71
722.94,Exit,5,N,150
723.24,Exit,5,N,153
723.54,Exit,5,N,154
723.63,Arrival,5,S,256
723.63,Arrival,5,S,241
723.63,Departure,5,S,256
723.84,Exit,5,N,155
723.93,Departure,5,S,241
723.93,Arrival,5,S,242
723.93,Exit,5,E,242
724.14,Exit,5,N,195
724.18,Arrival,1,E,202
724.23,Arrival,5,S,243
724.23,Exit,5,E,243
724.80,Arrival,1,E,203
725.55,Arrival,2,E,230
729.77,Exit,5,N,256
730.07,Exit,5,N,241
733.93,Arrival,2,W,218
736.77,Arrival,3,S,74
736.77,Departure,3,S,74
737.07,Arrival,3,S,75
737.07,Exit,3,W,75
737.37,Arrival,3,S,76
737.37,Departure,3,S,76
737.67,Arrival,3,S,82
737.67,Departure,3,S,82
737.97,Arrival,3,S,83
737.97,Departure,3,S,83
738.27,Arrival,3,S,84
738.27,Departure,3,S,84
738.57,Arrival,3,S,85
738.57,Departure,3,S,85
738.87,Arrival,3,S,86
738.87,Departure,3,S,86
739.17,Arrival,3,S,156
739.17,Departure,3,S,156
739.47,Arrival,3,S,157
739.47,Departure,3,S,157
739.77,Arrival,3,S,158
739.77,Departure,3,S,158
740.07,Arrival,1,W,164
740.07,Arrival,3,S,159
740.07,Departure,3,S,159
740.37,Arrival,3,S,160
740.37,Departure,3,S,160
740.67,Arrival,3,S,161
740.67,Departure,3,S,161
740.92,Arrival,5,W,324
740.97,Arrival,3,S,196
740.97,Departure,3,S,196
741.27,Arrival,3,S,197
741.27,Departure,3,S,197
741.57,Arrival,3,S,198
741.57,Departure,3,S,198
741.72,Arrival,2,S,91
741.72,Departure,2,S,91
742.02,Arrival,2,S,92
742.02,Exit,2,W,92
742.32,Arrival,2,S,93
742.32,Departure,2,S,93
742.55,Arrival,1,W,165
743.39,Arrival,3,S,199
743.39,Departure,3,S,199
745.40,RedSouth,2,N,null
745.40,RedSouth,2,W,null
747.62,Arrival,5,S,257
747.62,Departure,5,S,257
749.07,Arrival,1,W,166
753.10,RedSouth,5,N,null
753.75,Exit,5,N,257
753.90,RedSouth,1,N,null
756.70,Arrival,1,E,204
757.36,Arrival,2,W,219
757.80,GreenWestTurnLeft,1,null,null
757.80,Departure,1,W,162
758.10,Departure,1,W,163
758.40,Departure,1,W,164
758.53,Arrival,2,E,231
758.70,Departure,1,W,165
759.00,Departure,1,W,166
759.30,GreenWestTurnLeft,5,null,null
759.30,Departure,5,W,323
759.60,Departure,5,W,324
759.69,Arrival,1,E,205
762.70,RedSouth,3,N,null
762.70,RedSouth,3,W,null
765.44,Exit,5,N,323
765.74,Exit,5,N,324
767.60,RedWestTurnLeft,1,null,null
767.80,GreenWestTurnLeft,3,null,null
767.80,GreenEastTurnRight,3,null,null
768.51,Arrival,5,S,229
768.81,Arrival,5,S,216
769.11,Arrival,5,S,217
769.83,Arrival,3,W,244
769.83,Departure,3,W,244
770.60,GreenEastTurnRight,1,null,null
770.60,Departure,1,E,200
770.90,Departure,1,E,201
771.20,Departure,1,E,202
771.34,Arrival,1,S,94
771.50,Departure,1,E,203
771.80,Departure,1,E,204
772.10,Departure,1,E,205
772.70,RedWestTurnLeft,5,null,null
773.30,GreenEastTurnRight,5,null,null
775.27,Arrival,1,S,95
776.90,GreenEastTurnRight,2,null,null
776.90,GreenWestTurnLeft,2,null,null
776.90,Departure,2,E,230
776.90,Departure,2,W,218
777.20,Departure,2,E,231
777.20,Departure,2,W,219
777.79,Arrival,3,S,91
778.39,Arrival,3,S,93
783.92,Arrival,2,S,162
784.22,Arrival,2,S,163
784.52,Arrival,2,S,164
784.82,Arrival,2,S,165
785.12,Arrival,2,S,166
787.21,Arrival,3,E,258
787.21,Departure,3,E,258
788.15,Arrival,1,W,167
790.98,Arrival,3,E,259
790.98,Departure,3,E,259
792.41,Arrival,5,S,74
793.01,Arrival,5,S,76
793.03,Arrival,3,E,260
793.03,Departure,3,E,260
793.31,Arrival,5,S,82
793.61,Arrival,5,S,83
793.91,Arrival,5,S,84
794.21,Arrival,5,S,85
794.51,Arrival,5,S,86
794.81,Arrival,5,S,156
795.11,Arrival,5,S,157
795.41,Arrival,5,S,158
795.71,Arrival,5,S,159
796.01,Arrival,5,S,160
796.31,Arrival,5,S,161
796.61,Arrival,5,S,196
796.72,Arrival,2,S,200
796.91,Arrival,5,S,197
797.02,Arrival,2,S,201
797.21,Arrival,5,S,198
797.32,Arrival,2,S,202
797.62,Arrival,2,S,203
797.92,Arrival,2,S,204
798.22,Arrival,2,S,205
798.40,GreenSouth,3,N,null
798.40,GreenSouth,3,W,null
798.40,Departure,3,S,91
798.40,RedWestTurnLeft,3,null,null
798.40,RedEastTurnRight,3,null,null
798.70,Departure,3,S,93
799.02,Arrival,5,S,199
799.20,GreenSouth,5,W,null
799.20,RedEastTurnRight,5,null,null
799.20,Exit,5,W,216
799.20,RedWestTurnLeft,5,null,null
799.50,Exit,5,W,74
799.80,Exit,5,W,84
800.10,Exit,5,W,86
800.40,Exit,5,W,156
800.70,Exit,5,W,160
800.80,GreenSouth,2,N,null
800.80,RedWestTurnLeft,2,null,null
800.80,RedEastTurnRight,2,null,null
800.80,GreenSouth,2,W,null
800.80,Departure,2,S,162
801.00,Exit,5,W,161
801.10,Departure,2,S,163
801.30,Exit,5,W,199
801.40,Departure,2,S,164
801.70,Departure,2,S,165
802.00,Departure,2,S,166
802.30,Departure,2,S,200
802.60,Departure,2,S,201
802.90,Departure,2,S,202
803.20,Departure,2,S,203
803.20,RedEastTurnRight,1,null,null
803.20,RedWestTurnLeft,1,null,null
803.20,GreenSouth,1,W,null
803.20,Exit,1,W,95
803.50,Departure,2,S,204
803.80,Departure,2,S,205
809.16,Arrival,5,W,325
811.60,RedSouth,5,W,null
811.95,Arrival,5,W,326
812.97,Arrival,3,S,230
812.97,Arrival,3,S,218
812.97,Departure,3,S,230
813.27,Arrival,3,S,231
813.27,Arrival,3,S,219
813.27,Departure,3,S,218
813.57,Departure,3,S,231
813.80,RedSouth,1,W,null
813.87,Departure,3,S,219
814.81,Arrival,5,W,327
815.20,GreenSouth,5,N,null
815.20,Departure,5,S,229
815.50,Departure,5,S,217
815.80,Departure,5,S,76
816.00,GreenSouth,1,N,null
816.00,Departure,1,S,94
816.10,Departure,5,S,82
816.40,Departure,5,S,83
816.70,Departure,5,S,85
817.00,Departure,5,S,157
817.30,Departure,5,S,158
817.60,Departure,5,S,159
817.90,Departure,5,S,196
818.13,Arrival,5,W,328
818.20,Departure,5,S,197
818.50,Departure,5,S,198
818.94,Arrival,5,W,329
820.76,Arrival,1,W,168
821.34,Exit,5,N,229
821.64,Exit,5,N,217
821.94,Exit,5,N,76
822.24,Exit,5,N,82
822.54,Exit,5,N,83
822.84,Exit,5,N,85
823.14,Exit,5,N,157
823.14,Arrival,5,W,330
823.44,Exit,5,N,158
823.74,Exit,5,N,159
824.04,Exit,5,N,196
824.34,Exit,5,N,197
824.64,Exit,5,N,198
825.27,Arrival,2,W,220
825.46,Arrival,5,S,244
825.46,Departure,5,S,244
827.88,Arrival,5,E,352
828.18,Arrival,2,E,232
831.31,Arrival,3,E,261
831.60,Exit,5,N,244
833.55,Arrival,3,E,262
836.87,Arrival,3,S,162
836.87,Departure,3,S,162
837.17,Arrival,3,S,163
837.17,Departure,3,S,163
837.47,Arrival,3,S,164
837.47,Departure,3,S,164
837.60,Arrival,1,S,96
837.60,Departure,1,S,96
837.77,Arrival,3,S,165
837.77,Departure,3,S,165
838.07,Arrival,3,S,166
838.07,Departure,3,S,166
838.37,Arrival,3,S,200
838.37,Departure,3,S,200
838.67,Arrival,3,S,201
838.67,Departure,3,S,201
838.71,Arrival,1,S,97
838.71,Departure,1,S,97
838.97,Arrival,3,S,202
838.97,Departure,3,S,202
839.27,Arrival,3,S,203
839.27,Departure,3,S,203
839.43,Arrival,1,E,206
839.57,Arrival,3,S,204
839.57,Departure,3,S,204
839.87,Arrival,3,S,205
839.87,Departure,3,S,205
840.44,Arrival,5,W,331
842.12,Arrival,2,S,94
842.12,Departure,2,S,94
842.84,Arrival,5,S,258
842.84,Departure,5,S,258
844.23,Arrival,1,S,98
845.50,RedSouth,2,N,null
845.50,RedSouth,2,W,null
846.61,Arrival,5,S,259
846.61,Departure,5,S,259
847.28,Arrival,1,S,99
847.28,Departure,1,S,99
848.67,Arrival,5,S,260
848.67,Departure,5,S,260
848.78,Arrival,1,W,169
848.98,Exit,5,N,258
849.44,Arrival,1,S,100
849.44,Exit,1,E,100
849.87,Arrival,1,S,101
849.87,Departure,1,S,101
850.15,Arrival,3,E,263
852.22,Arrival,1,S,102
852.22,Departure,1,S,102
852.75,Exit,5,N,259
853.00,RedSouth,5,N,null
853.30,Arrival,1,S,103
853.30,Departure,1,S,103
854.03,Arrival,5,S,91
854.30,RedSouth,1,N,null
854.33,Arrival,5,S,93
854.80,Exit,5,N,260
855.32,Arrival,5,W,332
858.20,GreenWestTurnLeft,1,null,null
858.20,Departure,1,W,167
858.50,Departure,1,W,168
858.80,Departure,1,W,169
859.20,GreenWestTurnLeft,5,null,null
859.20,Departure,5,W,325
859.50,Departure,5,W,326
859.80,Departure,5,W,327
860.10,Departure,5,W,328
860.40,Departure,5,W,329
860.70,Departure,5,W,330
860.78,Arrival,1,S,104
861.00,Departure,5,W,331
861.30,Departure,5,W,332
862.50,RedSouth,3,N,null
862.50,RedSouth,3,W,null
863.72,Arrival,2,S,96
864.03,Arrival,1,S,105
864.83,Arrival,2,S,97
865.34,Exit,5,N,325
865.64,Exit,5,N,326
865.94,Exit,5,N,327
865.96,Arrival,1,S,106
866.24,Exit,5,N,328
866.54,Exit,5,N,329
866.84,Exit,5,N,330
866.96,Arrival,5,E,353
867.14,Exit,5,N,331
867.44,Exit,5,N,332
867.60,GreenWestTurnLeft,3,null,null
867.60,GreenEastTurnRight,3,null,null
867.60,Departure,3,E,261
867.90,Departure,3,E,262
868.00,RedWestTurnLeft,1,null,null
868.20,Departure,3,E,263
868.61,Arrival,5,S,230
868.64,Arrival,5,E,354
868.91,Arrival,5,S,218
869.21,Arrival,5,S,231
869.51,Arrival,5,S,219
869.74,Arrival,1,S,107
871.00,GreenEastTurnRight,1,null,null
871.00,Departure,1,E,206
871.47,Arrival,5,W,333
871.47,Departure,5,W,333
872.60,RedWestTurnLeft,5,null,null
872.86,Arrival,5,W,334
873.20,GreenEastTurnRight,5,null,null
873.20,Departure,5,E,352
873.22,Arrival,1,S,108
873.40,Arrival,2,S,99
873.50,Departure,5,E,353
873.80,Departure,5,E,354
874.16,Arrival,1,S,109
875.99,Arrival,2,S,101
877.00,GreenWestTurnLeft,2,null,null
877.00,GreenEastTurnRight,2,null,null
877.00,Departure,2,W,220
877.00,Departure,2,E,232
877.35,Arrival,1,S,110
877.60,Exit,5,N,333
878.18,Arrival,1,S,111
878.19,Arrival,3,S,94
878.33,Arrival,2,S,102
878.79,Arrival,5,E,355
878.79,Departure,5,E,355
879.34,Exit,5,N,352
879.41,Arrival,2,S,103
879.64,Exit,5,N,353
879.94,Exit,5,N,354
880.84,Arrival,1,S,112
881.68,Arrival,1,S,113
884.32,Arrival,2,S,167
884.62,Arrival,2,S,168
884.92,Arrival,2,S,169
884.93,Exit,5,N,355
885.28,Arrival,1,S,114
890.64,Arrival,1,S,115
890.80,Arrival,3,W,245
890.80,Departure,3,W,245
892.51,Arrival,5,S,162
892.81,Arrival,5,S,163
893.11,Arrival,5,S,164
893.41,Arrival,5,S,165
893.52,Arrival,1,S,116
893.71,Arrival,5,S,166
894.01,Arrival,5,S,200
894.26,Arrival,5,W,335
894.31,Arrival,5,S,201
894.61,Arrival,5,S,202
894.91,Arrival,5,S,203
895.21,Arrival,5,S,204
895.51,Arrival,5,S,205
897.12,Arrival,2,S,206
898.20,GreenSouth,3,W,null
898.20,GreenSouth,3,N,null
898.20,RedWestTurnLeft,3,null,null
898.20,RedEastTurnRight,3,null,null
898.20,Departure,3,S,94
898.29,Arrival,5,W,336
899.01,Arrival,1,W,170
899.10,RedWestTurnLeft,5,null,null
899.10,GreenSouth,5,W,null
899.10,RedEastTurnRight,5,null,null
899.10,Exit,5,W,230
899.40,Exit,5,W,219
899.70,Exit,5,W,200
900.00,Exit,5,W,201
900.90,GreenSouth,2,W,null
900.90,GreenSouth,2,N,null
900.90,RedWestTurnLeft,2,null,null
900.90,RedEastTurnRight,2,null,null
900.90,Departure,2,S,96
901.20,Departure,2,S,97
901.50,Departure,2,S,99
901.80,Departure,2,S,101
902.10,Departure,2,S,102
902.40,Departure,2,S,103
902.70,Departure,2,S,167
903.00,Departure,2,S,168
903.30,Departure,2,S,169
903.60,Departure,2,S,206
903.60,GreenSouth,1,W,null
903.60,RedWestTurnLeft,1,null,null
903.60,RedEastTurnRight,1,null,null
903.60,Exit,1,W,98
903.90,Exit,1,W,104
904.20,Exit,1,W,108
904.50,Exit,1,W,109
904.80,Exit,1,W,113
905.10,Exit,1,W,115
905.40,Exit,1,W,116
911.50,RedSouth,5,W,null
913.07,Arrival,3,S,220
913.07,Arrival,3,S,232
913.07,Departure,3,S,220
913.07,Exit,3,W,232
914.20,RedSouth,1,W,null
915.10,GreenSouth,5,N,null
915.10,Departure,5,S,91
915.10,Exit,5,E,203
915.40,Departure,5,S,93
915.70,Departure,5,S,218
916.00,Departure,5,S,231
916.30,Departure,5,S,162
916.40,GreenSouth,1,N,null
916.40,Departure,1,S,105
916.40,Exit,1,E,106
916.60,Departure,5,S,163
916.70,Departure,1,S,107
916.70,Exit,1,E,111
916.90,Departure,5,S,164
917.00,Departure,1,S,110
917.20,Departure,5,S,165
917.30,Departure,1,S,112
917.50,Departure,5,S,166
917.60,Departure,1,S,114
917.80,Departure,5,S,202
918.10,Departure,5,S,204
918.40,Departure,5,S,205
921.24,Exit,5,N,91
921.54,Exit,5,N,93
921.84,Exit,5,N,218
922.14,Exit,5,N,231
922.44,Exit,5,N,162
922.74,Exit,5,N,163
923.04,Exit,5,N,164
923.23,Arrival,5,S,261
923.34,Exit,5,N,165
923.53,Arrival,5,S,262
923.53,Departure,5,S,262
923.64,Exit,5,N,166
923.83,Arrival,5,S,263
923.83,Departure,5,S,263
923.94,Exit,5,N,202
924.24,Exit,5,N,204
924.54,Exit,5,N,205
929.67,Exit,5,N,262
929.97,Exit,5,N,263
936.97,Arrival,3,S,96
936.97,Departure,3,S,96
937.27,Arrival,3,S,97
937.27,Departure,3,S,97
937.57,Arrival,3,S,99
937.57,Departure,3,S,99
937.87,Arrival,3,S,101
937.87,Departure,3,S,101
938.17,Arrival,3,S,102
938.17,Departure,3,S,102
938.47,Arrival,3,S,103
938.47,Departure,3,S,103
938.77,Arrival,3,S,167
938.77,Departure,3,S,167
939.07,Arrival,3,S,168
939.07,Departure,3,S,168
939.37,Arrival,3,S,169
939.37,Departure,3,S,169
939.67,Arrival,3,S,206
939.67,Departure,3,S,206
942.52,Arrival,2,S,105
942.52,Departure,2,S,105
942.82,Arrival,2,S,107
942.82,Exit,2,W,107
943.12,Arrival,2,S,110
943.12,Departure,2,S,110
943.42,Arrival,2,S,112
943.42,Exit,2,W,112
943.72,Arrival,2,S,114
943.72,Departure,2,S,114
945.60,RedSouth,2,N,null
945.60,RedSouth,2,W,null
946.44,Arrival,5,S,245
946.44,Departure,5,S,245
952.57,Exit,5,N,245
952.90,RedSouth,5,N,null
953.83,Arrival,5,S,94
954.70,RedSouth,1,N,null
958.60,GreenWestTurnLeft,1,null,null
958.60,Departure,1,W,170
959.10,GreenWestTurnLeft,5,null,null
959.10,Departure,5,W,334
959.40,Departure,5,W,335
959.70,Departure,5,W,336
962.30,RedSouth,3,N,null
962.30,RedSouth,3,W,null
965.24,Exit,5,N,334
965.54,Exit,5,N,335
965.84,Exit,5,N,336
967.40,GreenEastTurnRight,3,null,null
967.40,GreenWestTurnLeft,3,null,null
968.40,RedWestTurnLeft,1,null,null
968.71,Arrival,5,S,220
971.40,GreenEastTurnRight,1,null,null
972.50,RedWestTurnLeft,5,null,null
973.10,GreenEastTurnRight,5,null,null
977.10,GreenEastTurnRight,2,null,null
977.10,GreenWestTurnLeft,2,null,null
978.59,Arrival,3,S,105
979.19,Arrival,3,S,110
979.79,Arrival,3,S,114
984.72,Arrival,2,S,170
992.61,Arrival,5,S,96
992.91,Arrival,5,S,97
993.21,Arrival,5,S,99
993.51,Arrival,5,S,101
993.81,Arrival,5,S,102
994.11,Arrival,5,S,103
994.41,Arrival,5,S,167
994.71,Arrival,5,S,168
995.01,Arrival,5,S,169
995.31,Arrival,5,S,206
998.00,GreenSouth,3,N,null
998.00,RedWestTurnLeft,3,null,null
998.00,Departure,3,S,105
998.00,GreenSouth,3,W,null
998.00,RedEastTurnRight,3,null,null
998.30,Departure,3,S,110
998.60,Departure,3,S,114
999.00,RedWestTurnLeft,5,null,null
999.00,GreenSouth,5,W,null
999.00,RedEastTurnRight,5,null,null
999.00,Exit,5,W,261
999.30,Exit,5,W,101
999.60,Exit,5,W,103
999.90,Exit,5,W,169
1001.00,GreenSouth,2,W,null
1001.00,GreenSouth,2,N,null
1001.00,RedWestTurnLeft,2,null,null
1001.00,Departure,2,S,170
1001.00,RedEastTurnRight,2,null,null
1004.00,RedWestTurnLeft,1,null,null
1004.00,GreenSouth,1,W,null
1004.00,RedEastTurnRight,1,null,null
1011.40,RedSouth,5,W,null
1014.60,RedSouth,1,W,null
1015.00,GreenSouth,5,N,null
1015.00,Departure,5,S,220
1015.00,Exit,5,E,94
1015.30,Departure,5,S,96
1015.30,Exit,5,E,206
1015.60,Departure,5,S,97
1015.90,Departure,5,S,99
1016.20,Departure,5,S,102
1016.50,Departure,5,S,167
1016.80,Departure,5,S,168
1016.80,GreenSouth,1,N,null
1021.14,Exit,5,N,220
1021.44,Exit,5,N,96
1021.74,Exit,5,N,97
1022.04,Exit,5,N,99
1022.34,Exit,5,N,102
1022.64,Exit,5,N,167
1022.94,Exit,5,N,168
1037.07,Arrival,3,S,170
1037.07,Departure,3,S,170
1045.70,RedSouth,2,N,null
1045.70,RedSouth,2,W,null
1052.80,RedSouth,5,N,null
1053.63,Arrival,5,S,105
1053.93,Arrival,5,S,110
1054.23,Arrival,5,S,114
1055.10,RedSouth,1,N,null
1059.00,GreenWestTurnLeft,5,null,null
1059.00,GreenWestTurnLeft,1,null,null
1062.10,RedSouth,3,N,null
1062.10,RedSouth,3,W,null
1067.20,GreenWestTurnLeft,3,null,null
1067.20,GreenEastTurnRight,3,null,null
1068.80,RedWestTurnLeft,1,null,null
1071.80,GreenEastTurnRight,1,null,null
1072.40,RedWestTurnLeft,5,null,null
1073.00,GreenEastTurnRight,5,null,null
1077.20,GreenEastTurnRight,2,null,null
1077.20,GreenWestTurnLeft,2,null,null
1092.71,Arrival,5,S,170
1097.80,RedWestTurnLeft,3,null,null
1097.80,GreenSouth,3,W,null
1097.80,RedEastTurnRight,3,null,null
1097.80,GreenSouth,3,N,null
1098.90,GreenSouth,5,W,null
1098.90,RedWestTurnLeft,5,null,null
1098.90,Exit,5,W,114
1098.90,RedEastTurnRight,5,null,null
1101.10,RedEastTurnRight,2,null,null
1101.10,GreenSouth,2,W,null
1101.10,GreenSouth,2,N,null
1101.10,RedWestTurnLeft,2,null,null
1104.40,RedWestTurnLeft,1,null,null
1104.40,RedEastTurnRight,1,null,null
1104.40,GreenSouth,1,W,null
1111.30,RedSouth,5,W,null
1114.90,GreenSouth,5,N,null
1114.90,Departure,5,S,105
1115.00,RedSouth,1,W,null
1115.20,Departure,5,S,110
1115.50,Departure,5,S,170
1117.20,GreenSouth,1,N,null
1121.04,Exit,5,N,105
1121.34,Exit,5,N,110
1121.64,Exit,5,N,170
1145.80,RedSouth,2,W,null
1145.80,RedSouth,2,N,null
1152.70,RedSouth,5,N,null
1155.50,RedSouth,1,N,null
1158.90,GreenWestTurnLeft,5,null,null
1159.40,GreenWestTurnLeft,1,null,null
1161.90,RedSouth,3,N,null
1161.90,RedSouth,3,W,null
1167.00,GreenEastTurnRight,3,null,null
1167.00,GreenWestTurnLeft,3,null,null
1169.20,RedWestTurnLeft,1,null,null
1172.20,GreenEastTurnRight,1,null,null
1172.30,RedWestTurnLeft,5,null,null
1172.90,GreenEastTurnRight,5,null,null
1177.30,GreenWestTurnLeft,2,null,null
1177.30,GreenEastTurnRight,2,null,null
1197.60,RedEastTurnRight,3,null,null
1197.60,GreenSouth,3,W,null
1197.60,RedWestTurnLeft,3,null,null
1197.60,GreenSouth,3,N,null
1198.80,RedEastTurnRight,5,null,null
1198.80,GreenSouth,5,W,null
1198.80,RedWestTurnLeft,5,null,null
1201.20,GreenSouth,2,W,null
1201.20,RedWestTurnLeft,2,null,null
1201.20,GreenSouth,2,N,null
1201.20,RedEastTurnRight,2,null,null
1204.80,RedEastTurnRight,1,null,null
1204.80,GreenSouth,1,W,null
1204.80,RedWestTurnLeft,1,null,null
1211.20,RedSouth,5,W,null
1214.80,GreenSouth,5,N,null
1215.40,RedSouth,1,W,null
1217.60,GreenSouth,1,N,null
1245.90,RedSouth,2,W,null
1245.90,RedSouth,2,N,null
1252.60,RedSouth,5,N,null
1255.90,RedSouth,1,N,null
1258.80,GreenWestTurnLeft,5,null,null
1259.80,GreenWestTurnLeft,1,null,null
1261.70,RedSouth,3,N,null
1261.70,RedSouth,3,W,null
1266.80,GreenEastTurnRight,3,null,null
1266.80,GreenWestTurnLeft,3,null,null
1269.60,RedWestTurnLeft,1,null,null
1272.20,RedWestTurnLeft,5,null,null
1272.60,GreenEastTurnRight,1,null,null
1272.80,GreenEastTurnRight,5,null,null
1277.40,GreenEastTurnRight,2,null,null
1277.40,GreenWestTurnLeft,2,null,null
1297.40,RedWestTurnLeft,3,null,null
1297.40,GreenSouth,3,N,null
1297.40,RedEastTurnRight,3,null,null
1297.40,GreenSouth,3,W,null
1298.70,RedWestTurnLeft,5,null,null
1298.70,GreenSouth,5,W,null
1298.70,RedEastTurnRight,5,null,null
1301.30,GreenSouth,2,N,null
1301.30,RedEastTurnRight,2,null,null
1301.30,GreenSouth,2,W,null
1301.30,RedWestTurnLeft,2,null,null
1305.20,GreenSouth,1,W,null
1305.20,RedEastTurnRight,1,null,null
1305.20,RedWestTurnLeft,1,null,null
1311.10,RedSouth,5,W,null
1314.70,GreenSouth,5,N,null
1315.80,RedSouth,1,W,null
1318.00,GreenSouth,1,N,null
1346.00,RedSouth,2,W,null
1346.00,RedSouth,2,N,null
1352.50,RedSouth,5,N,null
1356.30,RedSouth,1,N,null
1358.70,GreenWestTurnLeft,5,null,null
1360.20,GreenWestTurnLeft,1,null,null
1361.50,RedSouth,3,W,null
1361.50,RedSouth,3,N,null
1366.60,GreenEastTurnRight,3,null,null
1366.60,GreenWestTurnLeft,3,null,null
1370.00,RedWestTurnLeft,1,null,null
1372.10,RedWestTurnLeft,5,null,null
1372.70,GreenEastTurnRight,5,null,null
1373.00,GreenEastTurnRight,1,null,null
1377.50,GreenEastTurnRight,2,null,null
1377.50,GreenWestTurnLeft,2,null,null
1397.20,RedEastTurnRight,3,null,null
1397.20,GreenSouth,3,W,null
1397.20,GreenSouth,3,N,null
1397.20,RedWestTurnLeft,3,null,null
1398.60,RedWestTurnLeft,5,null,null
1398.60,RedEastTurnRight,5,null,null
1398.60,GreenSouth,5,W,null
1401.40,GreenSouth,2,N,null
1401.40,RedWestTurnLeft,2,null,null
1401.40,GreenSouth,2,W,null
1401.40,RedEastTurnRight,2,null,null
1405.60,RedEastTurnRight,1,null,null
1405.60,RedWestTurnLeft,1,null,null
1405.60,GreenSouth,1,W,null
1411.00,RedSouth,5,W,null
1414.60,GreenSouth,5,N,null
1416.20,RedSouth,1,W,null
1418.40,GreenSouth,1,N,null
1446.10,RedSouth,2,W,null
1446.10,RedSouth,2,N,null
1452.40,RedSouth,5,N,null
1456.70,RedSouth,1,N,null
1458.60,GreenWestTurnLeft,5,null,null
1460.60,GreenWestTurnLeft,1,null,null
1461.30,RedSouth,3,W,null
1461.30,RedSouth,3,N,null
1466.40,GreenWestTurnLeft,3,null,null
1466.40,GreenEastTurnRight,3,null,null
1470.40,RedWestTurnLeft,1,null,null
1472.00,RedWestTurnLeft,5,null,null
1472.60,GreenEastTurnRight,5,null,null
1473.40,GreenEastTurnRight,1,null,null
1477.60,GreenEastTurnRight,2,null,null
1477.60,GreenWestTurnLeft,2,null,null
1497.00,RedEastTurnRight,3,null,null
1497.00,GreenSouth,3,W,null
1497.00,RedWestTurnLeft,3,null,null
1497.00,GreenSouth,3,N,null
1498.50,RedWestTurnLeft,5,null,null
1498.50,RedEastTurnRight,5,null,null
1498.50,GreenSouth,5,W,null
1510.90,RedSouth,5,W,null
1514.50,GreenSouth,5,N,null
1552.30,RedSouth,5,N,null
1558.50,GreenWestTurnLeft,5,null,null
1561.10,RedSouth,3,W,null
1561.10,RedSouth,3,N,null
1566.20,GreenEastTurnRight,3,null,null
1566.20,GreenWestTurnLeft,3,null,null
1571.90,RedWestTurnLeft,5,null,null
1572.50,GreenEastTurnRight,5,null,null